<service>
	<id>vjpserver.exe</id>
	<name>VJP Server</name>
	<description>VJP</description>
	<executable>C:\Program Files\nodejs\node.exe</executable>
	<argument>--harmony</argument>
	<argument>D:\Ironman\VJP wo SSL\VJP-Quality-Module-VJP\Server\node_modules\node-windows\lib\wrapper.js</argument>
	<argument>--file</argument>
	<argument>D:\Ironman\VJP wo SSL\VJP-Quality-Module-VJP\Server\app.js</argument>
	<argument>--scriptoptions=</argument>
	<argument>--log</argument>
	<argument>VJP Server wrapper</argument>
	<argument>--grow</argument>
	<argument>0.25</argument>
	<argument>--wait</argument>
	<argument>1</argument>
	<argument>--maxrestarts</argument>
	<argument>3</argument>
	<argument>--abortonerror</argument>
	<argument>n</argument>
	<argument>--stopparentfirst</argument>
	<argument>undefined</argument>
	<logmode>rotate</logmode>
	<stoptimeout>30sec</stoptimeout>
	<serviceaccount>
		<domain>MOON</domain>
		<user>LocalSystem</user>
		<password></password>
	</serviceaccount>
	<workingdirectory>D:\Ironman\VJP wo SSL\VJP-Quality-Module-VJP\Server</workingdirectory>
</service>